kayit,proje_mb,klasor_kopyalari_mb,solidgit_depo_mb,agdan_gecen_mb
1,29.18,29.18,29.18,29.18
2,29.3,58.49,35.12,5.94
3,29.48,87.96,38.06,2.94
4,29.38,117.35,41.97,3.91
5,29.54,146.89,47.47,5.49
6,29.53,176.41,48.79,1.33
7,29.64,206.06,51.12,2.33
8,29.68,235.74,54.09,2.97
9,29.64,265.38,55.38,1.29
10,29.6,294.98,60.12,4.73
11,29.53,324.51,60.95,0.84
12,29.37,353.89,64.08,3.13
13,29.54,383.43,70.19,6.11
14,29.63,413.06,71.11,0.93
15,29.54,442.6,74.64,3.53
16,29.79,472.4,78.71,4.08
17,29.9,502.29,82.89,4.18
18,29.96,532.25,87.13,4.24
19,29.92,562.17,90.22,3.09
20,29.87,592.05,93.7,3.48
